{
    "AS_FlexContainer_de6505d626f4400da39d90e691022d30": {
        "id": "AS_FlexContainer_de6505d626f4400da39d90e691022d30",
        "type": "ACTION_SEQUENCE",
        "params": [{
            "datatype": "collection",
            "name": "eventobject"
        }],
        "language": "js",
        "actions": [{
            "id": "INVOKE_FUNCTION__ca5a861e159d4df4a5450ec9a23fd5f7",
            "type": "INVOKE_FUNCTION",
            "sequenceKUID": "navigateToForm",
            "display": "navigateToForm",
            "inputparams": [{
                "name": "formName",
                "value": "this.tabCtoForm"
            }, {
                "name": "tabName",
                "value": "this.view.flxTabC.id"
            }],
            "parentId": null,
            "callbackType": null,
            "disabled": null,
            "source": "controller"
        }]
    }
}