{
  "android": {
    "font_size": 50,
    "isForked": false
  },
  "androidwearos": {
    "font_size": 50,
    "isForked": false
  },
  "background_color": "ff0000ff",
  "bg_type": "one",
  "border_color": "ff0000ff",
  "border_radius": 20,
  "border_style": "custom",
  "border_type": 0,
  "border_width": 1,
  "desktopweb": {
    "font_size": 50,
    "isForked": false
  },
  "fontSizeInPx": false,
  "font_color": "ffffffff",
  "font_name": "iphoneSystem",
  "font_size": 50,
  "font_style": "normal",
  "font_weight": "400",
  "ipad": {
    "font_size": 50,
    "isForked": false
  },
  "iphone": {
    "font_size": 50,
    "isForked": false
  },
  "isDefaultSkin": false,
  "kiosk": {
    "font_size": 50,
    "isForked": false
  },
  "kuid": "s118245ee06646bf9aae5296863138e0",
  "spaan": {
    "font_size": 50,
    "isForked": false
  },
  "spaandroidtablet": {
    "font_size": 50,
    "isForked": false
  },
  "spaip": {
    "font_size": 50,
    "isForked": false
  },
  "spaipad": {
    "font_size": 50,
    "isForked": false
  },
  "spawindowstablet": {
    "font_size": 50,
    "isForked": false
  },
  "spawinphone8": {
    "font_size": 50,
    "isForked": false
  },
  "tabrcandroid": {
    "font_size": 50,
    "isForked": false
  },
  "wType": "Label",
  "watchos": {
    "font_size": 50,
    "isForked": false
  },
  "windows8": {
    "font_size": 50,
    "isForked": false
  },
  "winphone8": {
    "font_size": 50,
    "isForked": false
  }
}