{
  "android": {
    "background_color": "52ab4900",
    "bg_type": "one",
    "border_color": "424242ff",
    "border_style": "plain",
    "border_type": 0,
    "font_color": "singleColor",
    "font_size": 156,
    "isForked": true,
    "shadow": {
      "br": 0,
      "color": "000000",
      "inner": false,
      "nm": 0,
      "x": 0,
      "y": 0
    },
    "text_shadow": {
      "br": 0,
      "color": "000000",
      "opacity": 1,
      "x": 0,
      "y": 0
    }
  },
  "androidwearos": {
    "background_color": "52ab4900",
    "bg_type": "one",
    "border_color": "424242ff",
    "border_style": "plain",
    "border_type": 0,
    "font_color": "singleColor",
    "font_name": "default",
    "font_size": 156,
    "isForked": true,
    "text_shadow": {
      "br": 0,
      "color": "000000",
      "opacity": 1,
      "x": 0,
      "y": 0
    }
  },
  "background_color": "00000000",
  "bg_type": "one",
  "border_color": "424242ff",
  "border_style": "plain",
  "border_type": 0,
  "border_width": 0,
  "delinkedPltfrms": {
    "androidwear": [],
    "desktop": [],
    "mobile": [],
    "tablet": [],
    "watch": []
  },
  "desktopweb": {
    "background_color": "52ab4900",
    "bg_type": "one",
    "bottom_left_border_color": "424242ff",
    "bottom_left_border_style": "plain",
    "bottom_left_border_width": 0,
    "bottom_right_border_color": "424242ff",
    "bottom_right_border_style": "plain",
    "bottom_right_border_width": 0,
    "font_color": "singleColor",
    "font_name": "Helvetica",
    "font_size": 156,
    "isForked": true,
    "shadow": {
      "br": 0,
      "color": "000000",
      "inner": false,
      "nm": 0,
      "x": 0,
      "y": 0
    },
    "text_shadow": {
      "br": 0,
      "color": "000000",
      "opacity": 1,
      "x": 0,
      "y": 0
    },
    "top_left_border_color": "424242ff",
    "top_left_border_style": "plain",
    "top_left_border_width": 0,
    "top_right_border_color": "424242ff",
    "top_right_border_style": "plain",
    "top_right_border_width": 0
  },
  "fontSizeInPx": false,
  "font_color": "f00a1dff",
  "font_name": "iphoneSystem",
  "font_size": 156,
  "font_style": "normal",
  "font_weight": "400",
  "ipad": {
    "background_color": "52ab4900",
    "bg_type": "one",
    "border_color": "424242ff",
    "border_style": "plain",
    "border_type": 0,
    "font_color": "singleColor",
    "font_name": "System",
    "font_size": 156,
    "isForked": true,
    "shadow": {
      "br": 0,
      "color": "000000",
      "inner": false,
      "nm": 0,
      "x": 0,
      "y": 0
    },
    "text_shadow": {
      "br": 0,
      "color": "000000",
      "opacity": 1,
      "x": 0,
      "y": 0
    }
  },
  "iphone": {
    "background_color": "52ab4900",
    "bg_type": "one",
    "border_color": "424242ff",
    "border_style": "plain",
    "border_type": 0,
    "font_color": "singleColor",
    "font_name": "System",
    "font_size": 156,
    "isForked": true,
    "shadow": {
      "br": 0,
      "color": "000000",
      "inner": false,
      "nm": 0,
      "x": 0,
      "y": 0
    },
    "text_shadow": {
      "br": 0,
      "color": "000000",
      "opacity": 1,
      "x": 0,
      "y": 0
    }
  },
  "isDefaultSkin": false,
  "kiosk": {
    "background_color": "52ab4900",
    "bg_type": "one",
    "border_color": "424242ff",
    "border_style": "plain",
    "border_type": 0,
    "font_color": "singleColor",
    "font_name": "None",
    "font_size": 156,
    "isForked": true
  },
  "kuid": "sbc8e79a96cd48e288a8479d8d9f629d",
  "spaan": {
    "background_color": "52ab4900",
    "bg_type": "one",
    "bottom_left_border_color": "424242ff",
    "bottom_left_border_style": "plain",
    "bottom_left_border_width": 0,
    "bottom_right_border_color": "424242ff",
    "bottom_right_border_style": "plain",
    "bottom_right_border_width": 0,
    "font_color": "singleColor",
    "font_size": 156,
    "isForked": true,
    "shadow": {
      "br": 0,
      "color": "000000",
      "inner": false,
      "nm": 0,
      "x": 0,
      "y": 0
    },
    "text_shadow": {
      "br": 0,
      "color": "000000",
      "opacity": 1,
      "x": 0,
      "y": 0
    },
    "top_left_border_color": "424242ff",
    "top_left_border_style": "plain",
    "top_left_border_width": 0,
    "top_right_border_color": "424242ff",
    "top_right_border_style": "plain",
    "top_right_border_width": 0
  },
  "spaandroidtablet": {
    "background_color": "52ab4900",
    "bg_type": "one",
    "bottom_left_border_color": "424242ff",
    "bottom_left_border_style": "plain",
    "bottom_left_border_width": 0,
    "bottom_right_border_color": "424242ff",
    "bottom_right_border_style": "plain",
    "bottom_right_border_width": 0,
    "font_color": "singleColor",
    "font_name": "Helvetica",
    "font_size": 156,
    "isForked": true,
    "shadow": {
      "br": 0,
      "color": "000000",
      "inner": false,
      "nm": 0,
      "x": 0,
      "y": 0
    },
    "text_shadow": {
      "br": 0,
      "color": "000000",
      "opacity": 1,
      "x": 0,
      "y": 0
    },
    "top_left_border_color": "424242ff",
    "top_left_border_style": "plain",
    "top_left_border_width": 0,
    "top_right_border_color": "424242ff",
    "top_right_border_style": "plain",
    "top_right_border_width": 0
  },
  "spaip": {
    "background_color": "52ab4900",
    "bg_type": "one",
    "bottom_left_border_color": "424242ff",
    "bottom_left_border_style": "plain",
    "bottom_left_border_width": 0,
    "bottom_right_border_color": "424242ff",
    "bottom_right_border_style": "plain",
    "bottom_right_border_width": 0,
    "font_color": "singleColor",
    "font_size": 156,
    "isForked": true,
    "shadow": {
      "br": 0,
      "color": "000000",
      "inner": false,
      "nm": 0,
      "x": 0,
      "y": 0
    },
    "text_shadow": {
      "br": 0,
      "color": "000000",
      "opacity": 1,
      "x": 0,
      "y": 0
    },
    "top_left_border_color": "424242ff",
    "top_left_border_style": "plain",
    "top_left_border_width": 0,
    "top_right_border_color": "424242ff",
    "top_right_border_style": "plain",
    "top_right_border_width": 0
  },
  "spaipad": {
    "background_color": "52ab4900",
    "bg_type": "one",
    "bottom_left_border_color": "424242ff",
    "bottom_left_border_style": "plain",
    "bottom_left_border_width": 0,
    "bottom_right_border_color": "424242ff",
    "bottom_right_border_style": "plain",
    "bottom_right_border_width": 0,
    "font_color": "singleColor",
    "font_name": "Helvetica",
    "font_size": 156,
    "isForked": true,
    "shadow": {
      "br": 0,
      "color": "000000",
      "inner": false,
      "nm": 0,
      "x": 0,
      "y": 0
    },
    "text_shadow": {
      "br": 0,
      "color": "000000",
      "opacity": 1,
      "x": 0,
      "y": 0
    },
    "top_left_border_color": "424242ff",
    "top_left_border_style": "plain",
    "top_left_border_width": 0,
    "top_right_border_color": "424242ff",
    "top_right_border_style": "plain",
    "top_right_border_width": 0
  },
  "spawindowstablet": {
    "background_color": "52ab4900",
    "bg_type": "one",
    "bottom_left_border_color": "424242ff",
    "bottom_left_border_style": "plain",
    "bottom_left_border_width": 0,
    "bottom_right_border_color": "424242ff",
    "bottom_right_border_style": "plain",
    "bottom_right_border_width": 0,
    "font_color": "singleColor",
    "font_name": "Helvetica",
    "font_size": 156,
    "isForked": true,
    "shadow": {
      "br": 0,
      "color": "000000",
      "inner": false,
      "nm": 0,
      "x": 0,
      "y": 0
    },
    "text_shadow": {
      "br": 0,
      "color": "000000",
      "opacity": 1,
      "x": 0,
      "y": 0
    },
    "top_left_border_color": "424242ff",
    "top_left_border_style": "plain",
    "top_left_border_width": 0,
    "top_right_border_color": "424242ff",
    "top_right_border_style": "plain",
    "top_right_border_width": 0
  },
  "spawinphone8": {
    "background_color": "52ab4900",
    "bg_type": "one",
    "bottom_left_border_color": "424242ff",
    "bottom_left_border_style": "plain",
    "bottom_left_border_width": 0,
    "bottom_right_border_color": "424242ff",
    "bottom_right_border_style": "plain",
    "bottom_right_border_width": 0,
    "font_color": "singleColor",
    "font_size": 156,
    "isForked": true,
    "shadow": {
      "br": 0,
      "color": "000000",
      "inner": false,
      "nm": 0,
      "x": 0,
      "y": 0
    },
    "text_shadow": {
      "br": 0,
      "color": "000000",
      "opacity": 1,
      "x": 0,
      "y": 0
    },
    "top_left_border_color": "424242ff",
    "top_left_border_style": "plain",
    "top_left_border_width": 0,
    "top_right_border_color": "424242ff",
    "top_right_border_style": "plain",
    "top_right_border_width": 0
  },
  "tabrcandroid": {
    "background_color": "52ab4900",
    "bg_type": "one",
    "border_color": "424242ff",
    "border_style": "plain",
    "border_type": 0,
    "font_color": "singleColor",
    "font_name": "default",
    "font_size": 156,
    "isForked": true,
    "shadow": {
      "br": 0,
      "color": "000000",
      "inner": false,
      "nm": 0,
      "x": 0,
      "y": 0
    },
    "text_shadow": {
      "br": 0,
      "color": "000000",
      "opacity": 1,
      "x": 0,
      "y": 0
    }
  },
  "wType": "Label",
  "watchos": {
    "font_color": "singleColor",
    "font_name": "System",
    "font_size": 156,
    "isForked": true
  },
  "windows8": {
    "background_color": "52ab4900",
    "bg_type": "one",
    "border_color": "424242ff",
    "border_style": "plain",
    "border_type": 0,
    "font_color": "singleColor",
    "font_name": "None",
    "font_size": 156,
    "isForked": true
  },
  "winphone8": {
    "background_color": "52ab4900",
    "bg_type": "one",
    "border_color": "424242ff",
    "border_style": "plain",
    "border_type": 0,
    "font_color": "singleColor",
    "font_size": 156,
    "isForked": true
  }
}