{
  "android": {
    "font_size": 71,
    "isForked": false
  },
  "androidwearos": {
    "font_size": 107,
    "isForked": false
  },
  "background_color": "00000000",
  "bg_type": "one",
  "border_color": "424242ff",
  "border_style": "plain",
  "border_type": 0,
  "border_width": 0,
  "desktopweb": {
    "font_size": 188,
    "isForked": false
  },
  "fontSizeInPx": true,
  "font_color": "333333ff",
  "font_name": "iphoneSystem",
  "font_size": 59,
  "font_style": "normal",
  "font_weight": "400",
  "ipad": {
    "font_size": 107,
    "isForked": false
  },
  "iphone": {
    "font_size": 59,
    "isForked": false
  },
  "isDefaultSkin": false,
  "kiosk": {
    "font_size": 188,
    "isForked": false
  },
  "kuid": "sabdef713feb4c7ab8dfaeba2d194f73",
  "spaan": {
    "font_size": 67,
    "isForked": false
  },
  "spaandroidtablet": {
    "font_size": 56,
    "isForked": false
  },
  "spaip": {
    "font_size": 62,
    "isForked": false
  },
  "spaipad": {
    "font_size": 59,
    "isForked": false
  },
  "spawindowstablet": {
    "font_size": 59,
    "isForked": false
  },
  "spawinphone8": {
    "font_size": 83,
    "isForked": false
  },
  "tabrcandroid": {
    "font_size": 178,
    "isForked": false
  },
  "wType": "Label",
  "watchos": {
    "font_size": 107,
    "isForked": false
  },
  "windows8": {
    "font_size": 73,
    "isForked": false
  },
  "winphone8": {
    "font_size": 100,
    "isForked": false
  }
}