{
  "android": {
    "background_color": "00000026",
    "bg_type": "one",
    "border_color": "00000019",
    "border_style": "plain",
    "border_type": 0,
    "border_width": 0,
    "isForked": true,
    "shadow": {
      "br": 0,
      "color": "000000",
      "inner": false,
      "nm": 0,
      "x": 0,
      "y": 0
    }
  },
  "androidwearos": {
    "background_color": "00000026",
    "bg_type": "one",
    "border_color": "00000019",
    "border_style": "plain",
    "border_type": 0,
    "border_width": 0,
    "isForked": true
  },
  "background_color": "00000000",
  "bg_type": "one",
  "border_color": "000000ff",
  "border_radius": 0,
  "border_style": "custom",
  "border_type": 0,
  "border_width": 1,
  "desktopweb": {
    "background_color": "00000026",
    "bg_type": "one",
    "bottom_left_border_color": "000000ff",
    "bottom_left_border_radius": 0,
    "bottom_left_border_style": "rc",
    "bottom_left_border_width": 1,
    "bottom_right_border_color": "000000ff",
    "bottom_right_border_radius": 0,
    "bottom_right_border_style": "rc",
    "bottom_right_border_width": 1,
    "isForked": true,
    "shadow": {
      "br": 0,
      "color": "000000",
      "inner": false,
      "nm": 0,
      "x": 0,
      "y": 0
    },
    "top_left_border_color": "000000ff",
    "top_left_border_radius": 0,
    "top_left_border_style": "rc",
    "top_left_border_width": 1,
    "top_right_border_color": "000000ff",
    "top_right_border_radius": 0,
    "top_right_border_style": "rc",
    "top_right_border_width": 1
  },
  "ipad": {
    "background_color": "00000026",
    "bg_type": "one",
    "border_color": "00000019",
    "border_style": "plain",
    "border_type": 0,
    "border_width": 0,
    "isForked": true,
    "shadow": {
      "br": 0,
      "color": "000000",
      "inner": false,
      "nm": 0,
      "x": 0,
      "y": 0
    }
  },
  "iphone": {
    "background_color": "00000026",
    "bg_type": "one",
    "border_color": "00000019",
    "border_style": "plain",
    "border_type": 0,
    "border_width": 0,
    "isForked": true,
    "shadow": {
      "br": 0,
      "color": "000000",
      "inner": false,
      "nm": 0,
      "x": 0,
      "y": 0
    }
  },
  "isDefaultSkin": false,
  "kiosk": {
    "background_color": "00000026",
    "bg_type": "one",
    "border_color": "00000019",
    "border_style": "plain",
    "border_type": 0,
    "border_width": 0,
    "isForked": true
  },
  "kuid": "sa3d2a1abe344512870e80ac8fc1504f",
  "spaan": {
    "background_color": "00000026",
    "bg_type": "one",
    "bottom_left_border_color": "000000ff",
    "bottom_left_border_radius": 0,
    "bottom_left_border_style": "rc",
    "bottom_left_border_width": 1,
    "bottom_right_border_color": "000000ff",
    "bottom_right_border_radius": 0,
    "bottom_right_border_style": "rc",
    "bottom_right_border_width": 1,
    "isForked": true,
    "shadow": {
      "br": 0,
      "color": "000000",
      "inner": false,
      "nm": 0,
      "x": 0,
      "y": 0
    },
    "top_left_border_color": "000000ff",
    "top_left_border_radius": 0,
    "top_left_border_style": "rc",
    "top_left_border_width": 1,
    "top_right_border_color": "000000ff",
    "top_right_border_radius": 0,
    "top_right_border_style": "rc",
    "top_right_border_width": 1
  },
  "spaandroidtablet": {
    "background_color": "00000026",
    "bg_type": "one",
    "bottom_left_border_color": "000000ff",
    "bottom_left_border_radius": 0,
    "bottom_left_border_style": "rc",
    "bottom_left_border_width": 1,
    "bottom_right_border_color": "000000ff",
    "bottom_right_border_radius": 0,
    "bottom_right_border_style": "rc",
    "bottom_right_border_width": 1,
    "isForked": true,
    "shadow": {
      "br": 0,
      "color": "000000",
      "inner": false,
      "nm": 0,
      "x": 0,
      "y": 0
    },
    "top_left_border_color": "000000ff",
    "top_left_border_radius": 0,
    "top_left_border_style": "rc",
    "top_left_border_width": 1,
    "top_right_border_color": "000000ff",
    "top_right_border_radius": 0,
    "top_right_border_style": "rc",
    "top_right_border_width": 1
  },
  "spaip": {
    "background_color": "00000026",
    "bg_type": "one",
    "bottom_left_border_color": "000000ff",
    "bottom_left_border_radius": 0,
    "bottom_left_border_style": "rc",
    "bottom_left_border_width": 1,
    "bottom_right_border_color": "000000ff",
    "bottom_right_border_radius": 0,
    "bottom_right_border_style": "rc",
    "bottom_right_border_width": 1,
    "isForked": true,
    "shadow": {
      "br": 0,
      "color": "000000",
      "inner": false,
      "nm": 0,
      "x": 0,
      "y": 0
    },
    "top_left_border_color": "000000ff",
    "top_left_border_radius": 0,
    "top_left_border_style": "rc",
    "top_left_border_width": 1,
    "top_right_border_color": "000000ff",
    "top_right_border_radius": 0,
    "top_right_border_style": "rc",
    "top_right_border_width": 1
  },
  "spaipad": {
    "background_color": "00000026",
    "bg_type": "one",
    "bottom_left_border_color": "000000ff",
    "bottom_left_border_radius": 0,
    "bottom_left_border_style": "rc",
    "bottom_left_border_width": 1,
    "bottom_right_border_color": "000000ff",
    "bottom_right_border_radius": 0,
    "bottom_right_border_style": "rc",
    "bottom_right_border_width": 1,
    "isForked": true,
    "shadow": {
      "br": 0,
      "color": "000000",
      "inner": false,
      "nm": 0,
      "x": 0,
      "y": 0
    },
    "top_left_border_color": "000000ff",
    "top_left_border_radius": 0,
    "top_left_border_style": "rc",
    "top_left_border_width": 1,
    "top_right_border_color": "000000ff",
    "top_right_border_radius": 0,
    "top_right_border_style": "rc",
    "top_right_border_width": 1
  },
  "spawindowstablet": {
    "background_color": "00000026",
    "bg_type": "one",
    "bottom_left_border_color": "000000ff",
    "bottom_left_border_radius": 0,
    "bottom_left_border_style": "rc",
    "bottom_left_border_width": 1,
    "bottom_right_border_color": "000000ff",
    "bottom_right_border_radius": 0,
    "bottom_right_border_style": "rc",
    "bottom_right_border_width": 1,
    "isForked": true,
    "shadow": {
      "br": 0,
      "color": "000000",
      "inner": false,
      "nm": 0,
      "x": 0,
      "y": 0
    },
    "top_left_border_color": "000000ff",
    "top_left_border_radius": 0,
    "top_left_border_style": "rc",
    "top_left_border_width": 1,
    "top_right_border_color": "000000ff",
    "top_right_border_radius": 0,
    "top_right_border_style": "rc",
    "top_right_border_width": 1
  },
  "spawinphone8": {
    "background_color": "00000026",
    "bg_type": "one",
    "bottom_left_border_color": "000000ff",
    "bottom_left_border_radius": 0,
    "bottom_left_border_style": "rc",
    "bottom_left_border_width": 1,
    "bottom_right_border_color": "000000ff",
    "bottom_right_border_radius": 0,
    "bottom_right_border_style": "rc",
    "bottom_right_border_width": 1,
    "isForked": true,
    "shadow": {
      "br": 0,
      "color": "000000",
      "inner": false,
      "nm": 0,
      "x": 0,
      "y": 0
    },
    "top_left_border_color": "000000ff",
    "top_left_border_radius": 0,
    "top_left_border_style": "rc",
    "top_left_border_width": 1,
    "top_right_border_color": "000000ff",
    "top_right_border_radius": 0,
    "top_right_border_style": "rc",
    "top_right_border_width": 1
  },
  "tabrcandroid": {
    "background_color": "00000026",
    "bg_type": "one",
    "border_color": "00000019",
    "border_style": "plain",
    "border_type": 0,
    "border_width": 0,
    "isForked": true,
    "shadow": {
      "br": 0,
      "color": "000000",
      "inner": false,
      "nm": 0,
      "x": 0,
      "y": 0
    }
  },
  "wType": "FlexContainer",
  "windows8": {
    "background_color": "00000026",
    "bg_type": "one",
    "border_color": "00000019",
    "border_style": "plain",
    "border_type": 0,
    "border_width": 0,
    "isForked": true
  },
  "winphone8": {
    "background_color": "00000026",
    "bg_type": "one",
    "border_color": "00000019",
    "border_style": "plain",
    "border_type": 0,
    "border_width": 0,
    "isForked": true
  }
}