{
    "DNDConfig": null,
    "_height_": {
        "type": "string",
        "value": "17dp"
    },
    "_margin_": [
        0,
        0,
        0,
        0
    ],
    "_orientation_": 6,
    "_padding_": [
        0,
        0,
        0,
        0
    ],
    "_percent_": true,
    "_skin_": "s7991a255601418d81a67774df6926b8",
    "_width_": {
        "type": "string",
        "value": "17dp"
    },
    "allboxes": [],
    "autogrowmode": 0,
    "canUpdateUI": true,
    "centerx": {
        "type": "string",
        "value": "57%"
    },
    "centery": {
        "type": "string",
        "value": "24%"
    },
    "children": [
        "labelNotIconD"
    ],
    "clipbounds": false,
    "containerweight": 100,
    "enablescrolling": true,
    "id": "flxIconNotWrapperD",
    "info": null,
    "iscustomlayout": false,
    "isvisible": true,
    "kuid": "a36a8b6f7c044a97be0e78ebd5cbc28b",
    "layouttype": 2,
    "name": "kony.ui.FlexContainer",
    "parent": "flxTabD",
    "pf": "userwidgetmodel",
    "retaincontentalignment": false,
    "retainflexpositionproperties": false,
    "retainflowhorizontalalignment": false,
    "snapgridsize": 10,
    "snaptogrid": true,
    "wType": "FlexContainer",
    "widgetalignment": 1,
    "zindex": 1
}