{
    "DNDConfig": null,
    "_bottom_": {
        "type": "string",
        "value": "0dp"
    },
    "_height_": {
        "type": "string",
        "value": "100%"
    },
    "_left_": {
        "type": "string",
        "value": "0dp"
    },
    "_margin_": [
        0,
        0,
        0,
        0
    ],
    "_orientation_": 6,
    "_padding_": [
        0,
        0,
        0,
        0
    ],
    "_percent_": true,
    "_skin_": "s71247b1934740d0aa2a0956ca844ac1",
    "_top_": {
        "type": "string",
        "value": "0"
    },
    "_width_": {
        "type": "string",
        "value": "100%"
    },
    "allboxes": [],
    "autogrowmode": 0,
    "canUpdateUI": true,
    "centerx": {
        "type": "string",
        "value": "50%"
    },
    "centery": {
        "type": "string",
        "value": "50%"
    },
    "children": [
        "flxTabA",
        "flxTabB",
        "flxTabC",
        "flxTabD",
        "flxTabE"
    ],
    "clipbounds": false,
    "containerweight": 100,
    "enablescrolling": true,
    "focusskin": "sec18b548c6a43a6b2c16812329063e4",
    "id": "flxWrapper",
    "info": null,
    "iscustomlayout": false,
    "isvisible": true,
    "kuid": "da2f994352df42f8b0e25ff6e1fb855f",
    "layouttype": 3,
    "name": "kony.ui.FlexContainer",
    "parent": "bottomAppBar",
    "pf": "userwidgetmodel",
    "retaincontentalignment": false,
    "retainflexpositionproperties": false,
    "retainflowhorizontalalignment": false,
    "snapgridsize": 10,
    "snaptogrid": true,
    "wType": "FlexContainer",
    "widgetalignment": 1,
    "zindex": 1
}