{
    "AS_FlexContainer_fd7c9c90f27d422e8f29a8d5f8996a56": {
        "id": "AS_FlexContainer_fd7c9c90f27d422e8f29a8d5f8996a56",
        "type": "ACTION_SEQUENCE",
        "params": [{
            "datatype": "collection",
            "name": "eventobject"
        }],
        "contextObj": {
            "name": "userwidgetmodel",
            "type": "userwidgets",
            "KUID": "u0457a3b4eb341ce9202ba7c160c4c0f"
        },
        "language": "js",
        "actions": [{
            "id": "INVOKE_FUNCTION__j97a7c75617143fb9b7cf7d96490c202",
            "type": "INVOKE_FUNCTION",
            "sequenceKUID": "tabViewsVisibility",
            "display": "tabViewsVisibility",
            "inputparams": [],
            "parentId": null,
            "callbackType": null,
            "disabled": null,
            "source": "controller"
        }, {
            "id": "INVOKE_FUNCTION__j6ad47fb44ec4517bd784e7939daf31d",
            "type": "INVOKE_FUNCTION",
            "sequenceKUID": "setDimensions",
            "display": "setDimensions",
            "inputparams": [],
            "parentId": null,
            "callbackType": null,
            "disabled": null,
            "source": "controller"
        }, {
            "id": "INVOKE_FUNCTION__b49573ed5f564eeeaf6b2f22035dda82",
            "type": "INVOKE_FUNCTION",
            "sequenceKUID": "setTheme",
            "display": "setTheme",
            "inputparams": [],
            "parentId": null,
            "callbackType": null,
            "disabled": null,
            "source": "controller"
        }]
    }
}