{
    "AS_FlexContainer_ad345ca3dae24660a7f183130b2dc9d5": {
        "id": "AS_FlexContainer_ad345ca3dae24660a7f183130b2dc9d5",
        "type": "ACTION_SEQUENCE",
        "params": [{
            "datatype": "collection",
            "name": "eventobject"
        }],
        "contextObj": {
            "name": "userwidgetmodel",
            "type": "userwidgets",
            "KUID": "u0457a3b4eb341ce9202ba7c160c4c0f"
        },
        "language": "js",
        "actions": [{
            "id": "INVOKE_FUNCTION__j0ae5c641c784cddb284eae8fa6cbfc0",
            "type": "INVOKE_FUNCTION",
            "sequenceKUID": "navigateToForm",
            "display": "navigateToForm",
            "inputparams": [{
                "name": "formName",
                "value": "this.tabEtoForm"
            }, {
                "name": "tabName",
                "value": "this.view.flxTabE.id"
            }],
            "parentId": null,
            "callbackType": null,
            "disabled": null,
            "source": "controller"
        }]
    }
}