{
    "AS_FlexContainer_aa42a8c1afea482d9064726b4897e6aa": {
        "id": "AS_FlexContainer_aa42a8c1afea482d9064726b4897e6aa",
        "type": "ACTION_SEQUENCE",
        "params": [{
            "datatype": "collection",
            "name": "eventobject"
        }],
        "contextObj": {
            "name": "userwidgetmodel",
            "type": "userwidgets",
            "KUID": "u0457a3b4eb341ce9202ba7c160c4c0f"
        },
        "language": "js",
        "actions": [{
            "id": "INVOKE_FUNCTION__e1a111154f9344c1a6a210ecaac74a52",
            "type": "INVOKE_FUNCTION",
            "sequenceKUID": "navigateToForm",
            "display": "navigateToForm",
            "inputparams": [{
                "name": "formName",
                "value": "this.tabDtoForm"
            }, {
                "name": "tabName",
                "value": "this.view.flxTabD.id"
            }],
            "parentId": null,
            "callbackType": null,
            "disabled": null,
            "source": "controller"
        }]
    }
}