{
    "AS_FlexContainer_d68f71fb89e74721840548c72e78298a": {
        "id": "AS_FlexContainer_d68f71fb89e74721840548c72e78298a",
        "type": "ACTION_SEQUENCE",
        "params": [{
            "datatype": "collection",
            "name": "eventobject"
        }],
        "contextObj": {
            "name": "userwidgetmodel",
            "type": "userwidgets",
            "KUID": "u0457a3b4eb341ce9202ba7c160c4c0f"
        },
        "language": "js",
        "actions": [{
            "id": "INVOKE_FUNCTION__b1aeb4cb23934542879c45b7d66a0a29",
            "type": "INVOKE_FUNCTION",
            "sequenceKUID": "navigateToForm",
            "display": "navigateToForm",
            "inputparams": [{
                "name": "formName",
                "value": "this.tabBtoForm"
            }, {
                "name": "tabName",
                "value": "this.view.flxTabB.id"
            }],
            "parentId": null,
            "callbackType": null,
            "disabled": null,
            "source": "controller"
        }]
    }
}