{
    "DNDConfig": null,
    "_height_": {
        "type": "string",
        "value": "100%"
    },
    "_left_": {
        "type": "string",
        "value": "0dp"
    },
    "_margin_": [
        0,
        0,
        0,
        0
    ],
    "_orientation_": 6,
    "_padding_": [
        0,
        0,
        0,
        0
    ],
    "_percent_": true,
    "_skin_": "sd031441d9af40ca96473965403138e9",
    "_top_": {
        "type": "string",
        "value": "0dp"
    },
    "_width_": {
        "type": "string",
        "value": "20%"
    },
    "allboxes": [],
    "autogrowmode": 0,
    "canUpdateUI": true,
    "centery": {
        "type": "string",
        "value": "50%"
    },
    "children": [
        "flxIconWrapperC",
        "flxIconNotWrapperC",
        "labelNameC",
        "flxTabBottomBorderC"
    ],
    "clipbounds": false,
    "containerweight": 100,
    "enablescrolling": true,
    "focusskin": null,
    "id": "flxTabC",
    "ide_onClick": "AS_FlexContainer_de6505d626f4400da39d90e691022d30",
    "info": null,
    "iscustomlayout": false,
    "isvisible": true,
    "kuid": "c0c48607c0cf4494831a6a1cb372fb06",
    "layouttype": 2,
    "name": "kony.ui.FlexContainer",
    "parent": "flxWrapper",
    "pf": "userwidgetmodel",
    "retaincontentalignment": false,
    "retainflexpositionproperties": false,
    "retainflowhorizontalalignment": false,
    "snapgridsize": 10,
    "snaptogrid": true,
    "wType": "FlexContainer",
    "widgetalignment": 1,
    "zindex": 1
}