{
    "DNDConfig": null,
    "_bottom_": {
        "type": "number",
        "value": "0"
    },
    "_height_": {
        "type": "string",
        "value": "56dp"
    },
    "_left_": {
        "type": "string",
        "value": "0dp"
    },
    "_margin_": [
        0,
        0,
        0,
        0
    ],
    "_orientation_": 6,
    "_padding_": [
        0,
        0,
        0,
        0
    ],
    "_percent_": true,
    "_skin_": "sb95349367be495083327c288729f58b",
    "_width_": {
        "type": "string",
        "value": "100%"
    },
    "allboxes": [],
    "autogrowmode": 0,
    "canUpdateUI": true,
    "children": [
        "flxWrapper",
        "topBorder"
    ],
    "clipbounds": false,
    "containerweight": 100,
    "enablescrolling": true,
    "id": "menuBar",
    "ide_preShow": "AS_FlexContainer_cfafc1c0f1fe453880f7e76ed3f198d0",
    "info": null,
    "iscustomlayout": false,
    "isvisible": true,
    "kuid": "g0ab41da9d644ebc84e71c7d3bbb75cf",
    "layouttype": 2,
    "name": "kony.ui.FlexContainer",
    "parent": "userwidgetmodel",
    "pf": "userwidgetmodel",
    "retaincontentalignment": false,
    "retainflexpositionproperties": false,
    "retainflowhorizontalalignment": false,
    "snapgridsize": 10,
    "snaptogrid": true,
    "vizProps": {
        "lock": true
    },
    "wType": "FlexContainer",
    "widgetalignment": 1,
    "zindex": 1
}